timeStamp,elapsed,label,responseCode,responseMessage,threadName,dataType,success,failureMessage,bytes,sentBytes,grpThreads,allThreads,URL,Latency,IdleTime,Connect
1564607819321,110,Bing Search HTTP Request,200,OK,Bing Thread Group 2-2,text,true,,112530,116,3,6,http://www.bing.com/,103,0,42
1564607819299,155,Bing Search HTTP Request,200,OK,Bing Thread Group 2-1,text,true,,112530,116,2,5,http://www.bing.com/,124,0,63
1564607819300,175,Google Search HTTP Request,200,OK,Google Thread Group 1-2,text,true,,12662,118,4,5,http://www.google.com/,174,0,95
1564607819299,183,Google Search HTTP Request,200,OK,Google Thread Group 1-1,text,true,,12657,118,3,4,http://www.google.com/,182,0,95
1564607819377,125,Google Search HTTP Request,200,OK,Google Thread Group 1-3,text,true,,12653,118,2,3,http://www.google.com/,124,0,40
1564607819426,95,Bing Search HTTP Request,200,OK,Bing Thread Group 2-3,text,true,,112530,116,2,3,http://www.bing.com/,52,0,5
1564607819522,71,Bing Search HTTP Request,200,OK,Bing Thread Group 2-4,text,true,,112530,116,1,3,http://www.bing.com/,51,0,3
1564607819476,119,Google Search HTTP Request,200,OK,Google Thread Group 1-4,text,true,,12664,118,2,3,http://www.google.com/,118,0,42
1564607819622,76,Bing Search HTTP Request,200,OK,Bing Thread Group 2-5,text,true,,112530,116,1,3,http://www.bing.com/,51,0,3
1564607819575,130,Google Search HTTP Request,200,OK,Google Thread Group 1-5,text,true,,12655,118,2,2,http://www.google.com/,129,0,42
1564607819720,68,Bing Search HTTP Request,200,OK,Bing Thread Group 2-6,text,true,,112530,116,1,3,http://www.bing.com/,47,0,3
1564607819677,126,Google Search HTTP Request,200,OK,Google Thread Group 1-6,text,true,,12640,118,2,2,http://www.google.com/,125,0,39
1564607819820,70,Bing Search HTTP Request,200,OK,Bing Thread Group 2-7,text,true,,112530,116,1,3,http://www.bing.com/,50,0,3
1564607819775,116,Google Search HTTP Request,200,OK,Google Thread Group 1-7,text,true,,12619,118,2,2,http://www.google.com/,115,0,39
1564607819921,67,Bing Search HTTP Request,200,OK,Bing Thread Group 2-8,text,true,,112530,116,1,3,http://www.bing.com/,46,0,2
1564607819875,117,Google Search HTTP Request,200,OK,Google Thread Group 1-8,text,true,,12657,118,2,2,http://www.google.com/,116,0,40
1564607820020,69,Bing Search HTTP Request,200,OK,Bing Thread Group 2-9,text,true,,112530,116,1,3,http://www.bing.com/,48,0,3
1564607819975,122,Google Search HTTP Request,200,OK,Google Thread Group 1-9,text,true,,12679,118,2,2,http://www.google.com/,121,0,42
1564607820121,66,Bing Search HTTP Request,200,OK,Bing Thread Group 2-10,text,true,,112530,116,1,3,http://www.bing.com/,46,0,2
1564607820075,117,Google Search HTTP Request,200,OK,Google Thread Group 1-10,text,true,,12666,118,2,2,http://www.google.com/,116,0,38
1564607820221,67,Bing Search HTTP Request,200,OK,Bing Thread Group 2-11,text,true,,112530,116,1,3,http://www.bing.com/,47,0,3
1564607820174,122,Google Search HTTP Request,200,OK,Google Thread Group 1-11,text,true,,12664,118,2,2,http://www.google.com/,121,0,39
1564607820319,68,Bing Search HTTP Request,200,OK,Bing Thread Group 2-12,text,true,,112530,116,1,3,http://www.bing.com/,48,0,3
1564607820276,121,Google Search HTTP Request,200,OK,Google Thread Group 1-12,text,true,,12673,118,2,2,http://www.google.com/,120,0,38
1564607820420,70,Bing Search HTTP Request,200,OK,Bing Thread Group 2-13,text,true,,112530,116,1,3,http://www.bing.com/,50,0,4
1564607820377,121,Google Search HTTP Request,200,OK,Google Thread Group 1-13,text,true,,13618,118,2,2,http://www.google.com/,120,0,43
1564607820520,67,Bing Search HTTP Request,200,OK,Bing Thread Group 2-14,text,true,,112530,116,1,3,http://www.bing.com/,47,0,3
1564607820475,126,Google Search HTTP Request,200,OK,Google Thread Group 1-14,text,true,,12670,118,2,2,http://www.google.com/,125,0,42
1564607820620,67,Bing Search HTTP Request,200,OK,Bing Thread Group 2-15,text,true,,112530,116,1,3,http://www.bing.com/,47,0,3
1564607820575,119,Google Search HTTP Request,200,OK,Google Thread Group 1-15,text,true,,12652,118,2,2,http://www.google.com/,118,0,39
1564607820720,68,Bing Search HTTP Request,200,OK,Bing Thread Group 2-16,text,true,,112530,116,1,3,http://www.bing.com/,50,0,3
1564607820674,116,Google Search HTTP Request,200,OK,Google Thread Group 1-16,text,true,,12671,118,2,2,http://www.google.com/,115,0,39
1564607820820,68,Bing Search HTTP Request,200,OK,Bing Thread Group 2-17,text,true,,112530,116,1,3,http://www.bing.com/,48,0,3
1564607820793,116,Google Search HTTP Request,200,OK,Google Thread Group 1-17,text,true,,12623,118,2,2,http://www.google.com/,115,0,39
1564607820874,121,Google Search HTTP Request,200,OK,Google Thread Group 1-18,text,true,,12662,118,2,3,http://www.google.com/,120,0,39
1564607820919,84,Bing Search HTTP Request,200,OK,Bing Thread Group 2-18,text,true,,112530,116,1,2,http://www.bing.com/,54,0,3
1564607821019,67,Bing Search HTTP Request,200,OK,Bing Thread Group 2-19,text,true,,112530,116,1,3,http://www.bing.com/,47,0,2
1564607820974,122,Google Search HTTP Request,200,OK,Google Thread Group 1-19,text,true,,12705,118,2,2,http://www.google.com/,121,0,40
1564607821121,69,Bing Search HTTP Request,200,OK,Bing Thread Group 2-20,text,true,,112530,116,1,3,http://www.bing.com/,49,0,2
1564607821075,125,Google Search HTTP Request,200,OK,Google Thread Group 1-20,text,true,,12692,118,2,2,http://www.google.com/,123,0,39
1564607821221,69,Bing Search HTTP Request,200,OK,Bing Thread Group 2-21,text,true,,112530,116,1,3,http://www.bing.com/,49,0,2
1564607821174,117,Google Search HTTP Request,200,OK,Google Thread Group 1-21,text,true,,12640,118,2,2,http://www.google.com/,116,0,39
1564607821321,61,Bing Search HTTP Request,200,OK,Bing Thread Group 2-22,text,true,,93083,116,1,3,http://www.bing.com/,40,0,2
1564607821274,119,Google Search HTTP Request,200,OK,Google Thread Group 1-22,text,true,,12621,118,2,2,http://www.google.com/,118,0,41
1564607821421,67,Bing Search HTTP Request,200,OK,Bing Thread Group 2-23,text,true,,112530,116,1,3,http://www.bing.com/,47,0,3
1564607821375,125,Google Search HTTP Request,200,OK,Google Thread Group 1-23,text,true,,12654,118,2,2,http://www.google.com/,124,0,39
1564607821520,64,Bing Search HTTP Request,200,OK,Bing Thread Group 2-24,text,true,,93083,116,1,3,http://www.bing.com/,45,0,4
1564607821474,130,Google Search HTTP Request,200,OK,Google Thread Group 1-24,text,true,,12653,118,2,2,http://www.google.com/,129,0,40
1564607821621,69,Bing Search HTTP Request,200,OK,Bing Thread Group 2-25,text,true,,112530,116,1,3,http://www.bing.com/,49,0,3
1564607821576,121,Google Search HTTP Request,200,OK,Google Thread Group 1-25,text,true,,12673,118,2,2,http://www.google.com/,121,0,42
1564607821720,67,Bing Search HTTP Request,200,OK,Bing Thread Group 2-26,text,true,,112530,116,1,3,http://www.bing.com/,48,0,2
1564607821673,121,Google Search HTTP Request,200,OK,Google Thread Group 1-26,text,true,,12679,118,2,2,http://www.google.com/,120,0,40
1564607821819,69,Bing Search HTTP Request,200,OK,Bing Thread Group 2-27,text,true,,112530,116,1,3,http://www.bing.com/,49,0,3
1564607821776,122,Google Search HTTP Request,200,OK,Google Thread Group 1-27,text,true,,12681,118,2,2,http://www.google.com/,121,0,40
1564607821920,78,Bing Search HTTP Request,200,OK,Bing Thread Group 2-28,text,true,,112530,116,1,3,http://www.bing.com/,49,0,3
1564607821873,126,Google Search HTTP Request,200,OK,Google Thread Group 1-28,text,true,,12572,118,2,2,http://www.google.com/,125,0,39
1564607822020,75,Bing Search HTTP Request,200,OK,Bing Thread Group 2-29,text,true,,93091,116,1,3,http://www.bing.com/,42,0,2
1564607821976,120,Google Search HTTP Request,200,OK,Google Thread Group 1-29,text,true,,12658,118,2,2,http://www.google.com/,119,0,40
1564607822119,58,Bing Search HTTP Request,200,OK,Bing Thread Group 2-30,text,true,,93083,116,1,3,http://www.bing.com/,39,0,3
1564607822074,119,Google Search HTTP Request,200,OK,Google Thread Group 1-30,text,true,,12668,118,2,2,http://www.google.com/,118,0,39
1564607822221,64,Bing Search HTTP Request,200,OK,Bing Thread Group 2-31,text,true,,112530,116,1,3,http://www.bing.com/,44,0,3
1564607822173,153,Google Search HTTP Request,200,OK,Google Thread Group 1-31,text,true,,12644,118,2,3,http://www.google.com/,152,0,39
1564607822321,70,Bing Search HTTP Request,200,OK,Bing Thread Group 2-32,text,true,,112530,116,1,3,http://www.bing.com/,50,0,2
1564607822274,120,Google Search HTTP Request,200,OK,Google Thread Group 1-32,text,true,,12670,118,2,2,http://www.google.com/,119,0,39
1564607822419,69,Bing Search HTTP Request,200,OK,Bing Thread Group 2-33,text,true,,112530,116,1,3,http://www.bing.com/,49,0,3
1564607822373,129,Google Search HTTP Request,200,OK,Google Thread Group 1-33,text,true,,12663,118,2,2,http://www.google.com/,128,0,42
1564607822474,120,Google Search HTTP Request,200,OK,Google Thread Group 1-34,text,true,,12660,118,2,3,http://www.google.com/,119,0,41
1564607822520,81,Bing Search HTTP Request,200,OK,Bing Thread Group 2-34,text,true,,112530,116,1,2,http://www.bing.com/,51,0,3
1564607822621,79,Bing Search HTTP Request,200,OK,Bing Thread Group 2-35,text,true,,93091,116,1,3,http://www.bing.com/,39,0,3
1564607822574,128,Google Search HTTP Request,200,OK,Google Thread Group 1-35,text,true,,12653,118,2,2,http://www.google.com/,127,0,40
1564607822719,64,Bing Search HTTP Request,200,OK,Bing Thread Group 2-36,text,true,,112530,116,1,3,http://www.bing.com/,44,0,3
1564607822675,120,Google Search HTTP Request,200,OK,Google Thread Group 1-36,text,true,,12649,118,2,2,http://www.google.com/,119,0,40
1564607822819,68,Bing Search HTTP Request,200,OK,Bing Thread Group 2-37,text,true,,112530,116,1,3,http://www.bing.com/,48,0,3
1564607822781,127,Google Search HTTP Request,200,OK,Google Thread Group 1-37,text,true,,12697,118,2,2,http://www.google.com/,126,0,40
1564607822920,70,Bing Search HTTP Request,200,OK,Bing Thread Group 2-38,text,true,,112530,116,1,3,http://www.bing.com/,50,0,3
1564607822876,127,Google Search HTTP Request,200,OK,Google Thread Group 1-38,text,true,,12639,118,2,2,http://www.google.com/,126,0,43
1564607823020,95,Bing Search HTTP Request,200,OK,Bing Thread Group 2-39,text,true,,112530,116,1,3,http://www.bing.com/,55,0,6
1564607822976,143,Google Search HTTP Request,200,OK,Google Thread Group 1-39,text,true,,12633,118,2,3,http://www.google.com/,142,0,41
1564607823120,92,Bing Search HTTP Request,200,OK,Bing Thread Group 2-40,text,true,,112530,116,1,3,http://www.bing.com/,71,0,20
1564607823075,141,Google Search HTTP Request,200,OK,Google Thread Group 1-40,text,true,,12619,118,2,2,http://www.google.com/,140,0,57
1564607823220,80,Bing Search HTTP Request,200,OK,Bing Thread Group 2-41,text,true,,112530,116,1,3,http://www.bing.com/,52,0,3
1564607823174,128,Google Search HTTP Request,200,OK,Google Thread Group 1-41,text,true,,12680,118,2,2,http://www.google.com/,126,0,39
1564607823320,59,Bing Search HTTP Request,200,OK,Bing Thread Group 2-42,text,true,,93090,116,1,3,http://www.bing.com/,40,0,3
1564607823274,125,Google Search HTTP Request,200,OK,Google Thread Group 1-42,text,true,,12633,118,2,2,http://www.google.com/,124,0,39
1564607823421,65,Bing Search HTTP Request,200,OK,Bing Thread Group 2-43,text,true,,112530,116,1,3,http://www.bing.com/,45,0,3
1564607823374,124,Google Search HTTP Request,200,OK,Google Thread Group 1-43,text,true,,12655,118,2,2,http://www.google.com/,123,0,40
1564607823521,66,Bing Search HTTP Request,200,OK,Bing Thread Group 2-44,text,true,,112530,116,1,3,http://www.bing.com/,46,0,3
1564607823473,130,Google Search HTTP Request,200,OK,Google Thread Group 1-44,text,true,,12677,118,2,2,http://www.google.com/,129,0,42
1564607823620,67,Bing Search HTTP Request,200,OK,Bing Thread Group 2-45,text,true,,112530,116,1,3,http://www.bing.com/,48,0,3
1564607823574,123,Google Search HTTP Request,200,OK,Google Thread Group 1-45,text,true,,12665,118,2,2,http://www.google.com/,122,0,39
1564607823720,67,Bing Search HTTP Request,200,OK,Bing Thread Group 2-46,text,true,,112530,116,1,3,http://www.bing.com/,47,0,3
1564607823675,121,Google Search HTTP Request,200,OK,Google Thread Group 1-46,text,true,,12629,118,2,2,http://www.google.com/,120,0,39
1564607823822,66,Bing Search HTTP Request,200,OK,Bing Thread Group 2-47,text,true,,112530,116,1,3,http://www.bing.com/,46,0,3
1564607823773,121,Google Search HTTP Request,200,OK,Google Thread Group 1-47,text,true,,12678,118,2,2,http://www.google.com/,120,0,42
1564607823920,68,Bing Search HTTP Request,200,OK,Bing Thread Group 2-48,text,true,,112530,116,1,3,http://www.bing.com/,48,0,3
1564607823873,123,Google Search HTTP Request,200,OK,Google Thread Group 1-48,text,true,,12661,118,2,2,http://www.google.com/,122,0,42
1564607824021,61,Bing Search HTTP Request,200,OK,Bing Thread Group 2-49,text,true,,93083,116,1,3,http://www.bing.com/,43,0,2
1564607823975,118,Google Search HTTP Request,200,OK,Google Thread Group 1-49,text,true,,12648,118,2,2,http://www.google.com/,117,0,40
1564607824073,119,Google Search HTTP Request,200,OK,Google Thread Group 1-50,text,true,,12720,118,2,3,http://www.google.com/,118,0,39
1564607824120,76,Bing Search HTTP Request,200,OK,Bing Thread Group 2-50,text,true,,112530,116,1,2,http://www.bing.com/,49,0,4
1564607824221,68,Bing Search HTTP Request,200,OK,Bing Thread Group 2-51,text,true,,112530,116,1,3,http://www.bing.com/,48,0,3
1564607824174,119,Google Search HTTP Request,200,OK,Google Thread Group 1-51,text,true,,12676,118,2,2,http://www.google.com/,118,0,41
1564607824320,70,Bing Search HTTP Request,200,OK,Bing Thread Group 2-52,text,true,,112530,116,1,3,http://www.bing.com/,50,0,3
1564607824275,123,Google Search HTTP Request,200,OK,Google Thread Group 1-52,text,true,,12715,118,2,2,http://www.google.com/,123,0,42
1564607824420,68,Bing Search HTTP Request,200,OK,Bing Thread Group 2-53,text,true,,112530,116,1,3,http://www.bing.com/,47,0,3
1564607824374,129,Google Search HTTP Request,200,OK,Google Thread Group 1-53,text,true,,12676,118,2,2,http://www.google.com/,128,0,38
1564607824519,67,Bing Search HTTP Request,200,OK,Bing Thread Group 2-54,text,true,,112530,116,1,3,http://www.bing.com/,47,0,3
1564607824475,118,Google Search HTTP Request,200,OK,Google Thread Group 1-54,text,true,,12676,118,2,2,http://www.google.com/,117,0,39
1564607824620,70,Bing Search HTTP Request,200,OK,Bing Thread Group 2-55,text,true,,112530,116,1,3,http://www.bing.com/,48,0,3
1564607824575,133,Google Search HTTP Request,200,OK,Google Thread Group 1-55,text,true,,12691,118,2,2,http://www.google.com/,132,0,39
1564607824720,69,Bing Search HTTP Request,200,OK,Bing Thread Group 2-56,text,true,,112530,116,1,3,http://www.bing.com/,49,0,3
1564607824675,128,Google Search HTTP Request,200,OK,Google Thread Group 1-56,text,true,,12691,118,2,2,http://www.google.com/,127,0,40
1564607824821,68,Bing Search HTTP Request,200,OK,Bing Thread Group 2-57,text,true,,112530,116,1,3,http://www.bing.com/,47,0,2
1564607824779,120,Google Search HTTP Request,200,OK,Google Thread Group 1-57,text,true,,12705,118,2,2,http://www.google.com/,119,0,42
1564607824919,68,Bing Search HTTP Request,200,OK,Bing Thread Group 2-58,text,true,,112530,116,1,3,http://www.bing.com/,48,0,3
1564607824874,121,Google Search HTTP Request,200,OK,Google Thread Group 1-58,text,true,,12706,118,2,2,http://www.google.com/,120,0,42
1564607825020,67,Bing Search HTTP Request,200,OK,Bing Thread Group 2-59,text,true,,112530,116,1,3,http://www.bing.com/,47,0,3
1564607824980,119,Google Search HTTP Request,200,OK,Google Thread Group 1-59,text,true,,12665,118,2,2,http://www.google.com/,118,0,39
1564607825073,121,Google Search HTTP Request,200,OK,Google Thread Group 1-60,text,true,,12643,118,2,3,http://www.google.com/,120,0,42
1564607825120,100,Bing Search HTTP Request,200,OK,Bing Thread Group 2-60,text,true,,93084,116,2,3,http://www.bing.com/,61,0,3
1564607825220,67,Bing Search HTTP Request,200,OK,Bing Thread Group 2-61,text,true,,112530,116,1,3,http://www.bing.com/,47,0,3
1564607825173,124,Google Search HTTP Request,200,OK,Google Thread Group 1-61,text,true,,12662,118,2,2,http://www.google.com/,122,0,39
1564607825319,69,Bing Search HTTP Request,200,OK,Bing Thread Group 2-62,text,true,,112530,116,1,3,http://www.bing.com/,49,0,3
1564607825275,116,Google Search HTTP Request,200,OK,Google Thread Group 1-62,text,true,,12648,118,2,2,http://www.google.com/,115,0,39
1564607825420,69,Bing Search HTTP Request,200,OK,Bing Thread Group 2-63,text,true,,112530,116,1,3,http://www.bing.com/,48,0,3
1564607825376,123,Google Search HTTP Request,200,OK,Google Thread Group 1-63,text,true,,12648,118,2,2,http://www.google.com/,122,0,42
1564607825520,59,Bing Search HTTP Request,200,OK,Bing Thread Group 2-64,text,true,,93083,116,1,3,http://www.bing.com/,40,0,3
1564607825474,118,Google Search HTTP Request,200,OK,Google Thread Group 1-64,text,true,,12642,118,2,2,http://www.google.com/,117,0,39
1564607825620,68,Bing Search HTTP Request,200,OK,Bing Thread Group 2-65,text,true,,112530,116,1,3,http://www.bing.com/,49,0,3
1564607825575,120,Google Search HTTP Request,200,OK,Google Thread Group 1-65,text,true,,12687,118,2,2,http://www.google.com/,119,0,42
1564607825721,60,Bing Search HTTP Request,200,OK,Bing Thread Group 2-66,text,true,,93083,116,1,3,http://www.bing.com/,41,0,2
1564607825677,126,Google Search HTTP Request,200,OK,Google Thread Group 1-66,text,true,,12694,118,2,2,http://www.google.com/,125,0,43
1564607825821,73,Bing Search HTTP Request,200,OK,Bing Thread Group 2-67,text,true,,112530,116,1,3,http://www.bing.com/,54,0,3
1564607825774,128,Google Search HTTP Request,200,OK,Google Thread Group 1-67,text,true,,12735,118,2,2,http://www.google.com/,127,0,39
1564607825920,62,Bing Search HTTP Request,200,OK,Bing Thread Group 2-68,text,true,,93083,116,1,3,http://www.bing.com/,44,0,3
1564607825877,130,Google Search HTTP Request,200,OK,Google Thread Group 1-68,text,true,,12651,118,2,2,http://www.google.com/,129,0,43
1564607825975,118,Google Search HTTP Request,200,OK,Google Thread Group 1-69,text,true,,12663,118,2,3,http://www.google.com/,117,0,39
1564607826021,104,Bing Search HTTP Request,200,OK,Bing Thread Group 2-69,text,true,,112530,116,2,3,http://www.bing.com/,64,0,3
1564607826121,67,Bing Search HTTP Request,200,OK,Bing Thread Group 2-70,text,true,,112530,116,1,3,http://www.bing.com/,47,0,3
1564607826074,121,Google Search HTTP Request,200,OK,Google Thread Group 1-70,text,true,,12667,118,2,2,http://www.google.com/,120,0,39
1564607826222,67,Bing Search HTTP Request,200,OK,Bing Thread Group 2-71,text,true,,112530,116,1,3,http://www.bing.com/,47,0,2
1564607826173,118,Google Search HTTP Request,200,OK,Google Thread Group 1-71,text,true,,12710,118,2,2,http://www.google.com/,117,0,39
1564607826319,71,Bing Search HTTP Request,200,OK,Bing Thread Group 2-72,text,true,,112530,116,1,3,http://www.bing.com/,51,0,3
1564607826274,117,Google Search HTTP Request,200,OK,Google Thread Group 1-72,text,true,,12643,118,2,3,http://www.google.com/,116,0,38
1564607826420,67,Bing Search HTTP Request,200,OK,Bing Thread Group 2-73,text,true,,112530,116,1,3,http://www.bing.com/,48,0,3
1564607826376,117,Google Search HTTP Request,200,OK,Google Thread Group 1-73,text,true,,12684,118,2,2,http://www.google.com/,116,0,39
1564607826473,117,Google Search HTTP Request,200,OK,Google Thread Group 1-74,text,true,,12626,118,2,3,http://www.google.com/,116,0,39
1564607826520,89,Bing Search HTTP Request,200,OK,Bing Thread Group 2-74,text,true,,112530,116,1,2,http://www.bing.com/,47,0,3
1564607826575,127,Google Search HTTP Request,200,OK,Google Thread Group 1-75,text,true,,12679,118,2,3,http://www.google.com/,126,0,42
1564607826620,83,Bing Search HTTP Request,200,OK,Bing Thread Group 2-75,text,true,,112530,116,1,2,http://www.bing.com/,62,0,3
1564607826720,66,Bing Search HTTP Request,200,OK,Bing Thread Group 2-76,text,true,,112530,116,1,3,http://www.bing.com/,46,0,3
1564607826674,125,Google Search HTTP Request,200,OK,Google Thread Group 1-76,text,true,,12695,118,2,2,http://www.google.com/,124,0,38
1564607826820,60,Bing Search HTTP Request,200,OK,Bing Thread Group 2-77,text,true,,93089,116,1,3,http://www.bing.com/,40,0,3
1564607826773,123,Google Search HTTP Request,200,OK,Google Thread Group 1-77,text,true,,12674,118,2,2,http://www.google.com/,122,0,39
1564607826920,68,Bing Search HTTP Request,200,OK,Bing Thread Group 2-78,text,true,,112530,116,1,3,http://www.bing.com/,47,0,3
1564607826875,125,Google Search HTTP Request,200,OK,Google Thread Group 1-78,text,true,,12648,118,2,2,http://www.google.com/,124,0,39
1564607827021,63,Bing Search HTTP Request,200,OK,Bing Thread Group 2-79,text,true,,93083,116,1,3,http://www.bing.com/,42,0,2
1564607826974,120,Google Search HTTP Request,200,OK,Google Thread Group 1-79,text,true,,12639,118,2,2,http://www.google.com/,119,0,42
1564607827120,72,Bing Search HTTP Request,200,OK,Bing Thread Group 2-80,text,true,,112530,116,1,3,http://www.bing.com/,46,0,3
1564607827073,123,Google Search HTTP Request,200,OK,Google Thread Group 1-80,text,true,,12718,118,2,2,http://www.google.com/,122,0,41
1564607827220,74,Bing Search HTTP Request,200,OK,Bing Thread Group 2-81,text,true,,112530,116,1,3,http://www.bing.com/,52,0,2
1564607827175,121,Google Search HTTP Request,200,OK,Google Thread Group 1-81,text,true,,12705,118,2,2,http://www.google.com/,120,0,39
1564607827320,73,Bing Search HTTP Request,200,OK,Bing Thread Group 2-82,text,true,,112530,116,1,3,http://www.bing.com/,53,0,3
1564607827274,121,Google Search HTTP Request,200,OK,Google Thread Group 1-82,text,true,,12695,118,2,2,http://www.google.com/,120,0,38
1564607827374,119,Google Search HTTP Request,200,OK,Google Thread Group 1-83,text,true,,12612,118,2,3,http://www.google.com/,118,0,39
1564607827421,86,Bing Search HTTP Request,200,OK,Bing Thread Group 2-83,text,true,,112530,116,1,2,http://www.bing.com/,65,0,3
1564607827520,71,Bing Search HTTP Request,200,OK,Bing Thread Group 2-84,text,true,,112530,116,1,3,http://www.bing.com/,50,0,2
1564607827473,121,Google Search HTTP Request,200,OK,Google Thread Group 1-84,text,true,,12669,118,2,2,http://www.google.com/,120,0,39
1564607827621,73,Bing Search HTTP Request,200,OK,Bing Thread Group 2-85,text,true,,112530,116,1,3,http://www.bing.com/,50,0,3
1564607827574,123,Google Search HTTP Request,200,OK,Google Thread Group 1-85,text,true,,12694,118,2,2,http://www.google.com/,121,0,39
1564607827721,69,Bing Search HTTP Request,200,OK,Bing Thread Group 2-86,text,true,,112530,116,1,3,http://www.bing.com/,49,0,2
1564607827674,121,Google Search HTTP Request,200,OK,Google Thread Group 1-86,text,true,,12682,118,2,2,http://www.google.com/,120,0,39
1564607827821,59,Bing Search HTTP Request,200,OK,Bing Thread Group 2-87,text,true,,93083,116,1,3,http://www.bing.com/,41,0,3
1564607827773,122,Google Search HTTP Request,200,OK,Google Thread Group 1-87,text,true,,12741,118,2,2,http://www.google.com/,121,0,42
1564607827920,58,Bing Search HTTP Request,200,OK,Bing Thread Group 2-88,text,true,,93084,116,1,3,http://www.bing.com/,39,0,3
1564607827875,129,Google Search HTTP Request,200,OK,Google Thread Group 1-88,text,true,,12633,118,2,2,http://www.google.com/,128,0,39
1564607828021,70,Bing Search HTTP Request,200,OK,Bing Thread Group 2-89,text,true,,112530,116,1,3,http://www.bing.com/,50,0,3
1564607827974,122,Google Search HTTP Request,200,OK,Google Thread Group 1-89,text,true,,12668,118,2,2,http://www.google.com/,121,0,39
1564607828121,71,Bing Search HTTP Request,200,OK,Bing Thread Group 2-90,text,true,,112530,116,1,3,http://www.bing.com/,50,0,3
1564607828078,124,Google Search HTTP Request,200,OK,Google Thread Group 1-90,text,true,,12652,118,2,2,http://www.google.com/,123,0,42
1564607828174,116,Google Search HTTP Request,200,OK,Google Thread Group 1-91,text,true,,12695,118,2,3,http://www.google.com/,115,0,39
1564607828220,74,Bing Search HTTP Request,200,OK,Bing Thread Group 2-91,text,true,,112530,116,1,2,http://www.bing.com/,46,0,3
1564607828319,74,Bing Search HTTP Request,200,OK,Bing Thread Group 2-92,text,true,,112530,116,1,3,http://www.bing.com/,46,0,3
1564607828274,129,Google Search HTTP Request,200,OK,Google Thread Group 1-92,text,true,,12662,118,2,2,http://www.google.com/,128,0,42
1564607828420,65,Bing Search HTTP Request,200,OK,Bing Thread Group 2-93,text,true,,93083,116,1,3,http://www.bing.com/,43,0,4
1564607828374,122,Google Search HTTP Request,200,OK,Google Thread Group 1-93,text,true,,12699,118,2,2,http://www.google.com/,121,0,42
1564607828520,73,Bing Search HTTP Request,200,OK,Bing Thread Group 2-94,text,true,,112530,116,1,3,http://www.bing.com/,50,0,3
1564607828473,125,Google Search HTTP Request,200,OK,Google Thread Group 1-94,text,true,,12714,118,2,2,http://www.google.com/,124,0,40
1564607828620,74,Bing Search HTTP Request,200,OK,Bing Thread Group 2-95,text,true,,112530,116,1,3,http://www.bing.com/,52,0,3
1564607828575,123,Google Search HTTP Request,200,OK,Google Thread Group 1-95,text,true,,12618,118,2,2,http://www.google.com/,122,0,42
1564607828674,125,Google Search HTTP Request,200,OK,Google Thread Group 1-96,text,true,,12674,118,2,3,http://www.google.com/,125,0,44
1564607828819,67,Bing Search HTTP Request,200,OK,Bing Thread Group 2-97,text,true,,93090,116,2,4,http://www.bing.com/,45,0,5
1564607828719,182,Bing Search HTTP Request,200,OK,Bing Thread Group 2-96,text,true,,93084,116,1,3,http://www.bing.com/,159,0,5
1564607828775,128,Google Search HTTP Request,200,OK,Google Thread Group 1-97,text,true,,12674,118,2,2,http://www.google.com/,127,0,42
1564607828920,72,Bing Search HTTP Request,200,OK,Bing Thread Group 2-98,text,true,,112530,116,1,3,http://www.bing.com/,52,0,5
1564607828873,124,Google Search HTTP Request,200,OK,Google Thread Group 1-98,text,true,,12640,118,2,2,http://www.google.com/,123,0,44
1564607829020,69,Bing Search HTTP Request,200,OK,Bing Thread Group 2-99,text,true,,112530,116,1,3,http://www.bing.com/,49,0,3
1564607828975,122,Google Search HTTP Request,200,OK,Google Thread Group 1-99,text,true,,12654,118,2,2,http://www.google.com/,121,0,41
1564607829119,65,Bing Search HTTP Request,200,OK,Bing Thread Group 2-100,text,true,,112530,116,1,2,http://www.bing.com/,45,0,3
1564607829082,129,Google Search HTTP Request,200,OK,Google Thread Group 1-100,text,true,,12688,118,1,1,http://www.google.com/,128,0,44
